{"cameraMode":{"drawMode":0,"name":"Shaded","section":"Shading Mode"},"sceneLighting":true,"audioPlay":false,"sceneViewState":{"m_AlwaysRefresh":false,"showFog":true,"showSkybox":true,"showFlares":true,"showImageEffects":true,"showParticleSystems":true,"showVisualEffectGraphs":true,"m_FxEnabled":true},"in2DMode":false,"pivot":{"x":0.8049192428588867,"y":1.1583054065704346,"z":1.8936653137207032},"rotation":{"x":0.03299165144562721,"y":-0.000032958705560304224,"z":0.00002685107938305009,"w":0.9994513988494873},"size":3.826735734939575,"orthographic":false}